Company Name,Website,Industry,City,State,Country
Broadview Heating & Air Conditioning,https://www.broadviewheating.com/,HVAC,Broadview Heights,OH,USA
M&M Heating & Cooling,https://mandmheating.com/,HVAC,Toledo,OH,USA
Hudson Heating Company,https://www.hudsonheatingco.com/,HVAC,Hudson,OH,USA
Heart of Ohio HVAC,https://www.heartofohiohvac.com/,HVAC & Plumbing,Akron,OH,USA
Accurate Heating Cooling & Plumbing,https://www.accuratehvac.com/,HVAC & Plumbing,Columbus,OH,USA
Lisco Heating & Cooling,https://liscohvac.com/,HVAC,,OH,USA
Logan Services,https://www.logan-inc.com/,HVAC,Vandalia,OH,USA
Beyond Wow Plumbing,https://beyondwow.com/,Plumbing,Austin,TX,USA
Lanco Plumbing Inc.,https://www.lancoplumbinginc.com/,Plumbing,,TX,USA
Texas Quality Plumbing,https://texasqualityplumbing.com/,Plumbing,Houston,TX,USA
Stecker Machine Company,https://www.steckermachine.com/,Precision Machining,Manitowoc,WI,USA
Precision Machine & Manufacturing,https://www.precisionmmi.com/,Precision Machining,Ithaca,MI,USA
MRS Machining Co.,https://www.mrsmachiningco.com/,Precision Machining,Augusta,WI,USA
H & M Machine Inc,https://www.hmmachineinc.com/,Precision Machining,Greendale,WI,USA
Pollington Machine Tool,https://pollingtonmachinetool.com/,Machine Tools & Machining,,MI,USA
Midwest Machine Co,https://midwestmachine.net/,Precision Machining,,,USA
Skyway Precision,https://www.skywayprecision.com/,Precision Machining,,MI,USA
Owens Industries,https://www.owensind.com/,Precision Machining,,WI,USA
Breda Pest Management,https://www.bredapest.com/,Pest Control,Loganville,GA,USA
Dave's Pest Control,https://www.davespestcontrol.com/,Pest Control,,,USA
Florida Pest Control,https://www.flapest.com/,Pest Control,Gainesville,FL,USA
Arrow Exterminators,https://www.arrowexterminators.com/,Pest Control,Atlanta,GA,USA
Northwest Exterminating,https://www.callnorthwest.com/,Pest Control,Marietta,GA,USA
Basecamp,https://basecamp.com/,Software,Chicago,IL,USA
Broadview Heating and Cooling,www.broadviewheating.com,HVAC,Broadview Heights,OH,USA
M & M Heating and Cooling,,HVAC,Toledo,OH,USA
